{
    "inteligencia": {
        "media": 4.358208955223881,
        "mediana": 5,
        "moda": 5,
        "rango": 2,
        "tabla_frecuencia": {
            "5": 43,
            "3": 19,
            "4": 5
        }
    },
    "peso_kg": {
        "media": 4.708955223880597,
        "mediana": 4.5,
        "moda": 4.0,
        "rango": 4.5,
        "tabla_frecuencia": {
            "4.0": 13,
            "5.0": 13,
            "3.5": 10,
            "5.5": 10,
            "3.0": 4,
            "6.0": 4,
            "7.0": 2,
            "4.5": 7,
            "6.5": 3,
            "7.5": 1
        }
    },
    "nivel_energia": {
        "media": 3.91044776119403,
        "mediana": 4,
        "moda": 5,
        "rango": 4,
        "tabla_frecuencia": {
            "5": 26,
            "3": 22,
            "4": 15,
            "2": 2,
            "1": 2
        }
    },
    "adaptabilidad": {
        "media": 4.82089552238806,
        "mediana": 5,
        "moda": 5,
        "rango": 3,
        "tabla_frecuencia": {
            "5": 60,
            "3": 3,
            "4": 3,
            "2": 1
        }
    }
}